group,replicate,fastq_1,fastq_2,control
H3K27ac_CS_GH_male_brain,1,/hpc/group/volkanlab/jes157/cutnrun/2022/first_round/raw/221116_UNC51-VH00562_154_AACG53KM5/cut_run_7_TAATGCGC-CAGGACGT_S14_L001_R1_001.fastq.gz,/hpc/group/volkanlab/jes157/cutnrun/2022/first_round/raw/221116_UNC51-VH00562_154_AACG53KM5/cut_run_7_TAATGCGC-CAGGACGT_S14_L001_R2_001.fastq.gz,
H3K27ac_CS_GH_male_brain,2,/hpc/group/volkanlab/jes157/cutnrun/2022/first_round/raw/221116_UNC51-VH00562_154_AACG53KM5/cut_run_16_TCCGCGAA-GTACTGAC_S8_L001_R1_001.fastq.gz,/hpc/group/volkanlab/jes157/cutnrun/2022/first_round/raw/221116_UNC51-VH00562_154_AACG53KM5/cut_run_16_TCCGCGAA-GTACTGAC_S8_L001_R2_001.fastq.gz,
H3K27ac_CS_SH_male_brain,1,/hpc/group/volkanlab/jes157/cutnrun/2022/first_round/raw/221116_UNC51-VH00562_154_AACG53KM5/cut_run_8_TAATGCGC-GTACTGAC_S15_L001_R1_001.fastq.gz,/hpc/group/volkanlab/jes157/cutnrun/2022/first_round/raw/221116_UNC51-VH00562_154_AACG53KM5/cut_run_8_TAATGCGC-GTACTGAC_S15_L001_R2_001.fastq.gz,
H3K27ac_CS_SH_male_brain,2,/hpc/group/volkanlab/jes157/cutnrun/2022/first_round/raw/221116_UNC51-VH00562_154_AACG53KM5/cut_run_15_TCCGCGAA-CAGGACGT_S7_L001_R1_001.fastq.gz,/hpc/group/volkanlab/jes157/cutnrun/2022/first_round/raw/221116_UNC51-VH00562_154_AACG53KM5/cut_run_15_TCCGCGAA-CAGGACGT_S7_L001_R2_001.fastq.gz,
H3K4me3_CS_GH_male_brain,1,/hpc/group/volkanlab/jes157/cutnrun/2022/first_round/raw/221116_UNC51-VH00562_154_AACG53KM5/cut_run_3_CTGAAGCT-CCTATCCT_S10_L001_R1_001.fastq.gz,/hpc/group/volkanlab/jes157/cutnrun/2022/first_round/raw/221116_UNC51-VH00562_154_AACG53KM5/cut_run_3_CTGAAGCT-CCTATCCT_S10_L001_R2_001.fastq.gz,
H3K4me3_CS_GH_male_brain,2,/hpc/group/volkanlab/jes157/cutnrun/2022/first_round/raw/221116_UNC51-VH00562_154_AACG53KM5/cut_run_12_CGGCTATG-GGCTCTGA_S4_L001_R1_001.fastq.gz,/hpc/group/volkanlab/jes157/cutnrun/2022/first_round/raw/221116_UNC51-VH00562_154_AACG53KM5/cut_run_12_CGGCTATG-GGCTCTGA_S4_L001_R2_001.fastq.gz,
H3K4me3_CS_GH_male_brain,3,/work/jes157/20230929_sequencing_data/real_samples/21_Brain_TAATGCGC-TATAGCCT_S14_L001_R1_001.fastq.gz,/work/jes157/20230929_sequencing_data/real_samples/21_Brain_TAATGCGC-TATAGCCT_S14_L001_R2_001.fastq.gz,
H3K4me3_CS_GH_male_brain,3,/work/jes157/20230929_sequencing_data/real_samples/21_Brain_TAATGCGC-TATAGCCT_S14_L002_R1_001.fastq.gz,/work/jes157/20230929_sequencing_data/real_samples/21_Brain_TAATGCGC-TATAGCCT_S14_L002_R2_001.fastq.gz,
H3K4me3_CS_GH_male_brain,3,/work/jes157/202309_sequencing_test_run/test_round/21_Brain_TAATGCGC-TATAGCCT_S14_L001_R1_001.fastq.gz,/work/jes157/202309_sequencing_test_run/test_round/21_Brain_TAATGCGC-TATAGCCT_S14_L001_R2_001.fastq.gz,
H3K4me3_CS_GH_male_brain,4,/work/jes157/20230929_sequencing_data/real_samples/31_Brain_CTGAAGCT-CCTATCCT_S25_L001_R1_001.fastq.gz,/work/jes157/20230929_sequencing_data/real_samples/31_Brain_CTGAAGCT-CCTATCCT_S25_L001_R2_001.fastq.gz,
H3K4me3_CS_GH_male_brain,4,/work/jes157/20230929_sequencing_data/real_samples/31_Brain_CTGAAGCT-CCTATCCT_S25_L002_R1_001.fastq.gz,/work/jes157/20230929_sequencing_data/real_samples/31_Brain_CTGAAGCT-CCTATCCT_S25_L002_R2_001.fastq.gz,
H3K4me3_CS_GH_male_brain,4,/work/jes157/202309_sequencing_test_run/test_round/31_Brain_CTGAAGCT-CCTATCCT_S25_L001_R1_001.fastq.gz,/work/jes157/202309_sequencing_test_run/test_round/31_Brain_CTGAAGCT-CCTATCCT_S25_L001_R2_001.fastq.gz,
H3K4me3_CS_GH_male_brain,5,/work/jes157/20230929_sequencing_data/real_samples/41_Brain_GAATTCGT-AGGCGAAG_S36_L001_R1_001.fastq.gz,/work/jes157/20230929_sequencing_data/real_samples/41_Brain_GAATTCGT-AGGCGAAG_S36_L001_R2_001.fastq.gz,
H3K4me3_CS_GH_male_brain,5,/work/jes157/20230929_sequencing_data/real_samples/41_Brain_GAATTCGT-AGGCGAAG_S36_L002_R1_001.fastq.gz,/work/jes157/20230929_sequencing_data/real_samples/41_Brain_GAATTCGT-AGGCGAAG_S36_L002_R2_001.fastq.gz,
H3K4me3_CS_GH_male_brain,5,/work/jes157/202309_sequencing_test_run/test_round/41_Brain_GAATTCGT-AGGCGAAG_S36_L001_R1_001.fastq.gz,/work/jes157/202309_sequencing_test_run/test_round/41_Brain_GAATTCGT-AGGCGAAG_S36_L001_R2_001.fastq.gz,
H3K4me3_CS_SH_male_brain,1,/hpc/group/volkanlab/jes157/cutnrun/2022/first_round/raw/221116_UNC51-VH00562_154_AACG53KM5/cut_run_4_CTGAAGCT-GGCTCTGA_S11_L001_R1_001.fastq.gz,/hpc/group/volkanlab/jes157/cutnrun/2022/first_round/raw/221116_UNC51-VH00562_154_AACG53KM5/cut_run_4_CTGAAGCT-GGCTCTGA_S11_L001_R2_001.fastq.gz,
H3K4me3_CS_SH_male_brain,2,/hpc/group/volkanlab/jes157/cutnrun/2022/first_round/raw/221116_UNC51-VH00562_154_AACG53KM5/cut_run_11_CGGCTATG-CCTATCCT_S3_L001_R1_001.fastq.gz,/hpc/group/volkanlab/jes157/cutnrun/2022/first_round/raw/221116_UNC51-VH00562_154_AACG53KM5/cut_run_11_CGGCTATG-CCTATCCT_S3_L001_R2_001.fastq.gz,
H3K4me3_CS_SH_male_brain,3,/work/jes157/20230929_sequencing_data/real_samples/22_Brain_TAATGCGC-ATAGAGGC_S15_L001_R1_001.fastq.gz,/work/jes157/20230929_sequencing_data/real_samples/22_Brain_TAATGCGC-ATAGAGGC_S15_L001_R2_001.fastq.gz,
H3K4me3_CS_SH_male_brain,3,/work/jes157/20230929_sequencing_data/real_samples/22_Brain_TAATGCGC-ATAGAGGC_S15_L002_R1_001.fastq.gz,/work/jes157/20230929_sequencing_data/real_samples/22_Brain_TAATGCGC-ATAGAGGC_S15_L002_R2_001.fastq.gz,
H3K4me3_CS_SH_male_brain,3,/work/jes157/202309_sequencing_test_run/test_round/22_Brain_TAATGCGC-ATAGAGGC_S15_L001_R1_001.fastq.gz,/work/jes157/202309_sequencing_test_run/test_round/22_Brain_TAATGCGC-ATAGAGGC_S15_L001_R2_001.fastq.gz,
H3K4me3_CS_SH_male_brain,4,/work/jes157/20230929_sequencing_data/real_samples/32_Brain_CTGAAGCT-GGCTCTGA_S26_L001_R1_001.fastq.gz,/work/jes157/20230929_sequencing_data/real_samples/32_Brain_CTGAAGCT-GGCTCTGA_S26_L001_R2_001.fastq.gz,
H3K4me3_CS_SH_male_brain,4,/work/jes157/20230929_sequencing_data/real_samples/32_Brain_CTGAAGCT-GGCTCTGA_S26_L002_R1_001.fastq.gz,/work/jes157/20230929_sequencing_data/real_samples/32_Brain_CTGAAGCT-GGCTCTGA_S26_L002_R2_001.fastq.gz,
H3K4me3_CS_SH_male_brain,4,/work/jes157/202309_sequencing_test_run/test_round/32_Brain_CTGAAGCT-GGCTCTGA_S26_L001_R1_001.fastq.gz,/work/jes157/202309_sequencing_test_run/test_round/32_Brain_CTGAAGCT-GGCTCTGA_S26_L001_R2_001.fastq.gz,
H3K4me3_CS_SH_male_brain,5,/work/jes157/20230929_sequencing_data/real_samples/42_Brain_GAATTCGT-TAATCTTA_S37_L001_R1_001.fastq.gz,/work/jes157/20230929_sequencing_data/real_samples/42_Brain_GAATTCGT-TAATCTTA_S37_L001_R2_001.fastq.gz,
H3K4me3_CS_SH_male_brain,5,/work/jes157/20230929_sequencing_data/real_samples/42_Brain_GAATTCGT-TAATCTTA_S37_L002_R1_001.fastq.gz,/work/jes157/20230929_sequencing_data/real_samples/42_Brain_GAATTCGT-TAATCTTA_S37_L002_R2_001.fastq.gz,
H3K4me3_CS_SH_male_brain,5,/work/jes157/202309_sequencing_test_run/test_round/42_Brain_GAATTCGT-TAATCTTA_S37_L001_R1_001.fastq.gz,/work/jes157/202309_sequencing_test_run/test_round/42_Brain_GAATTCGT-TAATCTTA_S37_L001_R2_001.fastq.gz,
H3K4me3_dsxmut_GH_male_brain,1,/work/jes157/20230929_sequencing_data/real_samples/29_Brain_CTGAAGCT-TATAGCCT_S22_L001_R1_001.fastq.gz,/work/jes157/20230929_sequencing_data/real_samples/29_Brain_CTGAAGCT-TATAGCCT_S22_L001_R2_001.fastq.gz,
H3K4me3_dsxmut_GH_male_brain,1,/work/jes157/20230929_sequencing_data/real_samples/29_Brain_CTGAAGCT-TATAGCCT_S22_L002_R1_001.fastq.gz,/work/jes157/20230929_sequencing_data/real_samples/29_Brain_CTGAAGCT-TATAGCCT_S22_L002_R2_001.fastq.gz,
H3K4me3_dsxmut_GH_male_brain,1,/work/jes157/202309_sequencing_test_run/test_round/29_Brain_CTGAAGCT-TATAGCCT_S22_L001_R1_001.fastq.gz,/work/jes157/202309_sequencing_test_run/test_round/29_Brain_CTGAAGCT-TATAGCCT_S22_L001_R2_001.fastq.gz,
H3K4me3_dsxmut_GH_male_brain,2,/work/jes157/20230929_sequencing_data/real_samples/39_Brain_GAATTCGT-CCTATCCT_S33_L001_R1_001.fastq.gz,/work/jes157/20230929_sequencing_data/real_samples/39_Brain_GAATTCGT-CCTATCCT_S33_L001_R2_001.fastq.gz,
H3K4me3_dsxmut_GH_male_brain,2,/work/jes157/20230929_sequencing_data/real_samples/39_Brain_GAATTCGT-CCTATCCT_S33_L002_R1_001.fastq.gz,/work/jes157/20230929_sequencing_data/real_samples/39_Brain_GAATTCGT-CCTATCCT_S33_L002_R2_001.fastq.gz,
H3K4me3_dsxmut_GH_male_brain,2,/work/jes157/202309_sequencing_test_run/test_round/39_Brain_GAATTCGT-CCTATCCT_S33_L001_R1_001.fastq.gz,/work/jes157/202309_sequencing_test_run/test_round/39_Brain_GAATTCGT-CCTATCCT_S33_L001_R2_001.fastq.gz,
H3K4me3_dsxmut_GH_male_brain,3,/work/jes157/20230929_sequencing_data/real_samples/49_Brain_ATTCAGAA-AGGCGAAG_S44_L001_R1_001.fastq.gz,/work/jes157/20230929_sequencing_data/real_samples/49_Brain_ATTCAGAA-AGGCGAAG_S44_L001_R2_001.fastq.gz,
H3K4me3_dsxmut_GH_male_brain,3,/work/jes157/20230929_sequencing_data/real_samples/49_Brain_ATTCAGAA-AGGCGAAG_S44_L002_R1_001.fastq.gz,/work/jes157/20230929_sequencing_data/real_samples/49_Brain_ATTCAGAA-AGGCGAAG_S44_L002_R2_001.fastq.gz,
H3K4me3_dsxmut_GH_male_brain,4,/work/jes157/202309_sequencing_test_run/test_round/49_Brain_ATTCAGAA-AGGCGAAG_S44_L001_R1_001.fastq.gz,/work/jes157/202309_sequencing_test_run/test_round/49_Brain_ATTCAGAA-AGGCGAAG_S44_L001_R2_001.fastq.gz,
H3K4me3_dsxmut_SH_male_brain,1,/work/jes157/20230929_sequencing_data/real_samples/30_Brain_CTGAAGCT-ATAGAGGC_S24_L001_R1_001.fastq.gz,/work/jes157/20230929_sequencing_data/real_samples/30_Brain_CTGAAGCT-ATAGAGGC_S24_L001_R2_001.fastq.gz,
H3K4me3_dsxmut_SH_male_brain,1,/work/jes157/20230929_sequencing_data/real_samples/30_Brain_CTGAAGCT-ATAGAGGC_S24_L002_R1_001.fastq.gz,/work/jes157/20230929_sequencing_data/real_samples/30_Brain_CTGAAGCT-ATAGAGGC_S24_L002_R2_001.fastq.gz,
H3K4me3_dsxmut_SH_male_brain,1,/work/jes157/202309_sequencing_test_run/test_round/30_Brain_CTGAAGCT-ATAGAGGC_S24_L001_R1_001.fastq.gz,/work/jes157/202309_sequencing_test_run/test_round/30_Brain_CTGAAGCT-ATAGAGGC_S24_L001_R2_001.fastq.gz,
H3K4me3_dsxmut_SH_male_brain,2,/work/jes157/20230929_sequencing_data/real_samples/40_Brain_GAATTCGT-GGCTCTGA_S35_L001_R1_001.fastq.gz,/work/jes157/20230929_sequencing_data/real_samples/40_Brain_GAATTCGT-GGCTCTGA_S35_L001_R2_001.fastq.gz,
H3K4me3_dsxmut_SH_male_brain,2,/work/jes157/20230929_sequencing_data/real_samples/40_Brain_GAATTCGT-GGCTCTGA_S35_L002_R1_001.fastq.gz,/work/jes157/20230929_sequencing_data/real_samples/40_Brain_GAATTCGT-GGCTCTGA_S35_L002_R2_001.fastq.gz,
H3K4me3_dsxmut_SH_male_brain,2,/work/jes157/202309_sequencing_test_run/test_round/40_Brain_GAATTCGT-GGCTCTGA_S35_L001_R1_001.fastq.gz,/work/jes157/202309_sequencing_test_run/test_round/40_Brain_GAATTCGT-GGCTCTGA_S35_L001_R2_001.fastq.gz,
H3K4me3_dsxmut_SH_male_brain,3,/work/jes157/20230929_sequencing_data/real_samples/50_Brain_ATTCAGAA-TAATCTTA_S46_L001_R1_001.fastq.gz,/work/jes157/20230929_sequencing_data/real_samples/50_Brain_ATTCAGAA-TAATCTTA_S46_L001_R2_001.fastq.gz,
H3K4me3_dsxmut_SH_male_brain,3,/work/jes157/20230929_sequencing_data/real_samples/50_Brain_ATTCAGAA-TAATCTTA_S46_L002_R1_001.fastq.gz,/work/jes157/20230929_sequencing_data/real_samples/50_Brain_ATTCAGAA-TAATCTTA_S46_L002_R2_001.fastq.gz,
H3K4me3_dsxmut_SH_male_brain,3,/work/jes157/202309_sequencing_test_run/test_round/50_Brain_ATTCAGAA-TAATCTTA_S46_L001_R1_001.fastq.gz,/work/jes157/202309_sequencing_test_run/test_round/50_Brain_ATTCAGAA-TAATCTTA_S46_L001_R2_001.fastq.gz,
H3K4me3_frumut_GH_male_brain,1,/work/jes157/20230929_sequencing_data/real_samples/27_Brain_TAATGCGC-CAGGACGT_S20_L001_R1_001.fastq.gz,/work/jes157/20230929_sequencing_data/real_samples/27_Brain_TAATGCGC-CAGGACGT_S20_L001_R2_001.fastq.gz,
H3K4me3_frumut_GH_male_brain,1,/work/jes157/20230929_sequencing_data/real_samples/27_Brain_TAATGCGC-CAGGACGT_S20_L002_R1_001.fastq.gz,/work/jes157/20230929_sequencing_data/real_samples/27_Brain_TAATGCGC-CAGGACGT_S20_L002_R2_001.fastq.gz,
H3K4me3_frumut_GH_male_brain,1,/work/jes157/202309_sequencing_test_run/test_round/27_Brain_TAATGCGC-CAGGACGT_S20_L001_R1_001.fastq.gz,/work/jes157/202309_sequencing_test_run/test_round/27_Brain_TAATGCGC-CAGGACGT_S20_L001_R2_001.fastq.gz,
H3K4me3_frumut_GH_male_brain,2,/work/jes157/20230929_sequencing_data/real_samples/37_Brain_GAATTCGT-TATAGCCT_S31_L001_R1_001.fastq.gz,/work/jes157/20230929_sequencing_data/real_samples/37_Brain_GAATTCGT-TATAGCCT_S31_L001_R2_001.fastq.gz,
H3K4me3_frumut_GH_male_brain,2,/work/jes157/20230929_sequencing_data/real_samples/37_Brain_GAATTCGT-TATAGCCT_S31_L002_R1_001.fastq.gz,/work/jes157/20230929_sequencing_data/real_samples/37_Brain_GAATTCGT-TATAGCCT_S31_L002_R2_001.fastq.gz,
H3K4me3_frumut_GH_male_brain,2,/work/jes157/202309_sequencing_test_run/test_round/37_Brain_GAATTCGT-TATAGCCT_S31_L001_R1_001.fastq.gz,/work/jes157/202309_sequencing_test_run/test_round/37_Brain_GAATTCGT-TATAGCCT_S31_L001_R2_001.fastq.gz,
H3K4me3_frumut_GH_male_brain,3,/work/jes157/20230929_sequencing_data/real_samples/47_Brain_ATTCAGAA-CCTATCCT_S42_L001_R1_001.fastq.gz,/work/jes157/20230929_sequencing_data/real_samples/47_Brain_ATTCAGAA-CCTATCCT_S42_L001_R2_001.fastq.gz,
H3K4me3_frumut_GH_male_brain,3,/work/jes157/20230929_sequencing_data/real_samples/47_Brain_ATTCAGAA-CCTATCCT_S42_L002_R1_001.fastq.gz,/work/jes157/20230929_sequencing_data/real_samples/47_Brain_ATTCAGAA-CCTATCCT_S42_L002_R2_001.fastq.gz,
H3K4me3_frumut_GH_male_brain,3,/work/jes157/202309_sequencing_test_run/test_round/47_Brain_ATTCAGAA-CCTATCCT_S42_L001_R1_001.fastq.gz,/work/jes157/202309_sequencing_test_run/test_round/47_Brain_ATTCAGAA-CCTATCCT_S42_L001_R2_001.fastq.gz,
H3K4me3_frumut_SH_male_brain,1,/work/jes157/20230929_sequencing_data/real_samples/28_Brain_TAATGCGC-GTACTGAC_S21_L001_R1_001.fastq.gz,/work/jes157/20230929_sequencing_data/real_samples/28_Brain_TAATGCGC-GTACTGAC_S21_L001_R2_001.fastq.gz,
H3K4me3_frumut_SH_male_brain,1,/work/jes157/20230929_sequencing_data/real_samples/28_Brain_TAATGCGC-GTACTGAC_S21_L002_R1_001.fastq.gz,/work/jes157/20230929_sequencing_data/real_samples/28_Brain_TAATGCGC-GTACTGAC_S21_L002_R2_001.fastq.gz,
H3K4me3_frumut_SH_male_brain,1,/work/jes157/202309_sequencing_test_run/test_round/28_Brain_TAATGCGC-GTACTGAC_S21_L001_R1_001.fastq.gz,/work/jes157/202309_sequencing_test_run/test_round/28_Brain_TAATGCGC-GTACTGAC_S21_L001_R2_001.fastq.gz,
H3K4me3_frumut_SH_male_brain,2,/work/jes157/20230929_sequencing_data/real_samples/38_Brain_GAATTCGT-ATAGAGGC_S32_L001_R1_001.fastq.gz,/work/jes157/20230929_sequencing_data/real_samples/38_Brain_GAATTCGT-ATAGAGGC_S32_L001_R2_001.fastq.gz,
H3K4me3_frumut_SH_male_brain,2,/work/jes157/20230929_sequencing_data/real_samples/38_Brain_GAATTCGT-ATAGAGGC_S32_L002_R1_001.fastq.gz,/work/jes157/20230929_sequencing_data/real_samples/38_Brain_GAATTCGT-ATAGAGGC_S32_L002_R2_001.fastq.gz,
H3K4me3_frumut_SH_male_brain,2,/work/jes157/202309_sequencing_test_run/test_round/38_Brain_GAATTCGT-ATAGAGGC_S32_L001_R1_001.fastq.gz,/work/jes157/202309_sequencing_test_run/test_round/38_Brain_GAATTCGT-ATAGAGGC_S32_L001_R2_001.fastq.gz,
H3K4me3_frumut_SH_male_brain,3,/work/jes157/20230929_sequencing_data/real_samples/48_Brain_ATTCAGAA-GGCTCTGA_S43_L001_R1_001.fastq.gz,/work/jes157/20230929_sequencing_data/real_samples/48_Brain_ATTCAGAA-GGCTCTGA_S43_L001_R2_001.fastq.gz,
H3K4me3_frumut_SH_male_brain,3,/work/jes157/20230929_sequencing_data/real_samples/48_Brain_ATTCAGAA-GGCTCTGA_S43_L002_R1_001.fastq.gz,/work/jes157/20230929_sequencing_data/real_samples/48_Brain_ATTCAGAA-GGCTCTGA_S43_L002_R2_001.fastq.gz,
H3K4me3_frumut_SH_male_brain,3,/work/jes157/202309_sequencing_test_run/test_round/48_Brain_ATTCAGAA-GGCTCTGA_S43_L001_R1_001.fastq.gz,/work/jes157/202309_sequencing_test_run/test_round/48_Brain_ATTCAGAA-GGCTCTGA_S43_L001_R2_001.fastq.gz,
H3K4me3_Or47bmut_GH_male_brain,1,/work/jes157/20230929_sequencing_data/real_samples/23_Brain_TAATGCGC-CCTATCCT_S16_L001_R1_001.fastq.gz,/work/jes157/20230929_sequencing_data/real_samples/23_Brain_TAATGCGC-CCTATCCT_S16_L001_R2_001.fastq.gz,
H3K4me3_Or47bmut_GH_male_brain,1,/work/jes157/20230929_sequencing_data/real_samples/23_Brain_TAATGCGC-CCTATCCT_S16_L002_R1_001.fastq.gz,/work/jes157/20230929_sequencing_data/real_samples/23_Brain_TAATGCGC-CCTATCCT_S16_L002_R2_001.fastq.gz,
H3K4me3_Or47bmut_GH_male_brain,1,/work/jes157/202309_sequencing_test_run/test_round/23_Brain_TAATGCGC-CCTATCCT_S16_L001_R1_001.fastq.gz,/work/jes157/202309_sequencing_test_run/test_round/23_Brain_TAATGCGC-CCTATCCT_S16_L001_R2_001.fastq.gz,
H3K4me3_Or47bmut_GH_male_brain,2,/work/jes157/20230929_sequencing_data/real_samples/33_Brain_CTGAAGCT-AGGCGAAG_S27_L001_R1_001.fastq.gz,/work/jes157/20230929_sequencing_data/real_samples/33_Brain_CTGAAGCT-AGGCGAAG_S27_L001_R2_001.fastq.gz,
H3K4me3_Or47bmut_GH_male_brain,2,/work/jes157/20230929_sequencing_data/real_samples/33_Brain_CTGAAGCT-AGGCGAAG_S27_L002_R1_001.fastq.gz,/work/jes157/20230929_sequencing_data/real_samples/33_Brain_CTGAAGCT-AGGCGAAG_S27_L002_R2_001.fastq.gz,
H3K4me3_Or47bmut_GH_male_brain,2,/work/jes157/202309_sequencing_test_run/test_round/33_Brain_CTGAAGCT-AGGCGAAG_S27_L001_R1_001.fastq.gz,/work/jes157/202309_sequencing_test_run/test_round/33_Brain_CTGAAGCT-AGGCGAAG_S27_L001_R2_001.fastq.gz,
H3K4me3_Or47bmut_GH_male_brain,3,/work/jes157/20230929_sequencing_data/real_samples/43_Brain_GAATTCGT-CAGGACGT_S38_L001_R1_001.fastq.gz,/work/jes157/20230929_sequencing_data/real_samples/43_Brain_GAATTCGT-CAGGACGT_S38_L001_R2_001.fastq.gz,
H3K4me3_Or47bmut_GH_male_brain,3,/work/jes157/20230929_sequencing_data/real_samples/43_Brain_GAATTCGT-CAGGACGT_S38_L002_R1_001.fastq.gz,/work/jes157/20230929_sequencing_data/real_samples/43_Brain_GAATTCGT-CAGGACGT_S38_L002_R2_001.fastq.gz,
H3K4me3_Or47bmut_GH_male_brain,3,/work/jes157/202309_sequencing_test_run/test_round/43_Brain_GAATTCGT-CAGGACGT_S38_L001_R1_001.fastq.gz,/work/jes157/202309_sequencing_test_run/test_round/43_Brain_GAATTCGT-CAGGACGT_S38_L001_R2_001.fastq.gz,
H3K4me3_Or47bmut_SH_male_brain,1,/work/jes157/20230929_sequencing_data/real_samples/24_Brain_TAATGCGC-GGCTCTGA_S17_L001_R1_001.fastq.gz,/work/jes157/20230929_sequencing_data/real_samples/24_Brain_TAATGCGC-GGCTCTGA_S17_L001_R2_001.fastq.gz,
H3K4me3_Or47bmut_SH_male_brain,1,/work/jes157/20230929_sequencing_data/real_samples/24_Brain_TAATGCGC-GGCTCTGA_S17_L002_R1_001.fastq.gz,/work/jes157/20230929_sequencing_data/real_samples/24_Brain_TAATGCGC-GGCTCTGA_S17_L002_R2_001.fastq.gz,
H3K4me3_Or47bmut_SH_male_brain,1,/work/jes157/202309_sequencing_test_run/test_round/24_Brain_TAATGCGC-GGCTCTGA_S17_L001_R1_001.fastq.gz,/work/jes157/202309_sequencing_test_run/test_round/24_Brain_TAATGCGC-GGCTCTGA_S17_L001_R2_001.fastq.gz,
H3K4me3_Or47bmut_SH_male_brain,2,/work/jes157/20230929_sequencing_data/real_samples/34_Brain_CTGAAGCT-TAATCTTA_S28_L001_R1_001.fastq.gz,/work/jes157/20230929_sequencing_data/real_samples/34_Brain_CTGAAGCT-TAATCTTA_S28_L001_R2_001.fastq.gz,
H3K4me3_Or47bmut_SH_male_brain,2,/work/jes157/20230929_sequencing_data/real_samples/34_Brain_CTGAAGCT-TAATCTTA_S28_L002_R1_001.fastq.gz,/work/jes157/20230929_sequencing_data/real_samples/34_Brain_CTGAAGCT-TAATCTTA_S28_L002_R2_001.fastq.gz,
H3K4me3_Or47bmut_SH_male_brain,2,/work/jes157/202309_sequencing_test_run/test_round/34_Brain_CTGAAGCT-TAATCTTA_S28_L001_R1_001.fastq.gz,/work/jes157/202309_sequencing_test_run/test_round/34_Brain_CTGAAGCT-TAATCTTA_S28_L001_R2_001.fastq.gz,
H3K4me3_Or47bmut_SH_male_brain,3,/work/jes157/20230929_sequencing_data/real_samples/44_Brain_GAATTCGT-GTACTGAC_S39_L001_R1_001.fastq.gz,/work/jes157/20230929_sequencing_data/real_samples/44_Brain_GAATTCGT-GTACTGAC_S39_L001_R2_001.fastq.gz,
H3K4me3_Or47bmut_SH_male_brain,3,/work/jes157/20230929_sequencing_data/real_samples/44_Brain_GAATTCGT-GTACTGAC_S39_L002_R1_001.fastq.gz,/work/jes157/20230929_sequencing_data/real_samples/44_Brain_GAATTCGT-GTACTGAC_S39_L002_R2_001.fastq.gz,
H3K4me3_Or47bmut_SH_male_brain,3,/work/jes157/202309_sequencing_test_run/test_round/44_Brain_GAATTCGT-GTACTGAC_S39_L001_R1_001.fastq.gz,/work/jes157/202309_sequencing_test_run/test_round/44_Brain_GAATTCGT-GTACTGAC_S39_L001_R2_001.fastq.gz,
H3K4me3_Or67dmut_GH_male_brain,1,/work/jes157/20230929_sequencing_data/real_samples/25_Brain_TAATGCGC-AGGCGAAG_S18_L001_R1_001.fastq.gz,/work/jes157/20230929_sequencing_data/real_samples/25_Brain_TAATGCGC-AGGCGAAG_S18_L001_R2_001.fastq.gz,
H3K4me3_Or67dmut_GH_male_brain,1,/work/jes157/20230929_sequencing_data/real_samples/25_Brain_TAATGCGC-AGGCGAAG_S18_L002_R1_001.fastq.gz,/work/jes157/20230929_sequencing_data/real_samples/25_Brain_TAATGCGC-AGGCGAAG_S18_L002_R2_001.fastq.gz,
H3K4me3_Or67dmut_GH_male_brain,1,/work/jes157/202309_sequencing_test_run/test_round/25_Brain_TAATGCGC-AGGCGAAG_S18_L001_R1_001.fastq.gz,/work/jes157/202309_sequencing_test_run/test_round/25_Brain_TAATGCGC-AGGCGAAG_S18_L001_R2_001.fastq.gz,
H3K4me3_Or67dmut_GH_male_brain,2,/work/jes157/20230929_sequencing_data/real_samples/35_Brain_CTGAAGCT-CAGGACGT_S29_L001_R1_001.fastq.gz,/work/jes157/20230929_sequencing_data/real_samples/35_Brain_CTGAAGCT-CAGGACGT_S29_L001_R2_001.fastq.gz,
H3K4me3_Or67dmut_GH_male_brain,2,/work/jes157/20230929_sequencing_data/real_samples/35_Brain_CTGAAGCT-CAGGACGT_S29_L002_R1_001.fastq.gz,/work/jes157/20230929_sequencing_data/real_samples/35_Brain_CTGAAGCT-CAGGACGT_S29_L002_R2_001.fastq.gz,
H3K4me3_Or67dmut_GH_male_brain,2,/work/jes157/202309_sequencing_test_run/test_round/35_Brain_CTGAAGCT-CAGGACGT_S29_L001_R1_001.fastq.gz,/work/jes157/202309_sequencing_test_run/test_round/35_Brain_CTGAAGCT-CAGGACGT_S29_L001_R2_001.fastq.gz,
H3K4me3_Or67dmut_GH_male_brain,3,/work/jes157/20230929_sequencing_data/real_samples/45_Brain_ATTCAGAA-TATAGCCT_S40_L001_R1_001.fastq.gz,/work/jes157/20230929_sequencing_data/real_samples/45_Brain_ATTCAGAA-TATAGCCT_S40_L001_R2_001.fastq.gz,
H3K4me3_Or67dmut_GH_male_brain,3,/work/jes157/20230929_sequencing_data/real_samples/45_Brain_ATTCAGAA-TATAGCCT_S40_L002_R1_001.fastq.gz,/work/jes157/20230929_sequencing_data/real_samples/45_Brain_ATTCAGAA-TATAGCCT_S40_L002_R2_001.fastq.gz,
H3K4me3_Or67dmut_GH_male_brain,3,/work/jes157/202309_sequencing_test_run/test_round/45_Brain_ATTCAGAA-TATAGCCT_S40_L001_R1_001.fastq.gz,/work/jes157/202309_sequencing_test_run/test_round/45_Brain_ATTCAGAA-TATAGCCT_S40_L001_R2_001.fastq.gz,
H3K4me3_Or67dmut_SH_male_brain,1,/work/jes157/20230929_sequencing_data/real_samples/26_Brain_TAATGCGC-TAATCTTA_S19_L001_R1_001.fastq.gz,/work/jes157/20230929_sequencing_data/real_samples/26_Brain_TAATGCGC-TAATCTTA_S19_L001_R2_001.fastq.gz,
H3K4me3_Or67dmut_SH_male_brain,1,/work/jes157/20230929_sequencing_data/real_samples/26_Brain_TAATGCGC-TAATCTTA_S19_L002_R1_001.fastq.gz,/work/jes157/20230929_sequencing_data/real_samples/26_Brain_TAATGCGC-TAATCTTA_S19_L002_R2_001.fastq.gz,
H3K4me3_Or67dmut_SH_male_brain,1,/work/jes157/202309_sequencing_test_run/test_round/26_Brain_TAATGCGC-TAATCTTA_S19_L001_R1_001.fastq.gz,/work/jes157/202309_sequencing_test_run/test_round/26_Brain_TAATGCGC-TAATCTTA_S19_L001_R2_001.fastq.gz,
H3K4me3_Or67dmut_SH_male_brain,2,/work/jes157/20230929_sequencing_data/real_samples/36_Brain_CTGAAGCT-GTACTGAC_S30_L001_R1_001.fastq.gz,/work/jes157/20230929_sequencing_data/real_samples/36_Brain_CTGAAGCT-GTACTGAC_S30_L001_R2_001.fastq.gz,
H3K4me3_Or67dmut_SH_male_brain,2,/work/jes157/20230929_sequencing_data/real_samples/36_Brain_CTGAAGCT-GTACTGAC_S30_L002_R1_001.fastq.gz,/work/jes157/20230929_sequencing_data/real_samples/36_Brain_CTGAAGCT-GTACTGAC_S30_L002_R2_001.fastq.gz,
H3K4me3_Or67dmut_SH_male_brain,2,/work/jes157/202309_sequencing_test_run/test_round/36_Brain_CTGAAGCT-GTACTGAC_S30_L001_R1_001.fastq.gz,/work/jes157/202309_sequencing_test_run/test_round/36_Brain_CTGAAGCT-GTACTGAC_S30_L001_R2_001.fastq.gz,
H3K4me3_Or67dmut_SH_male_brain,3,/work/jes157/20230929_sequencing_data/real_samples/46_Brain_ATTCAGAA-ATAGAGGC_S41_L001_R1_001.fastq.gz,/work/jes157/20230929_sequencing_data/real_samples/46_Brain_ATTCAGAA-ATAGAGGC_S41_L001_R2_001.fastq.gz,
H3K4me3_Or67dmut_SH_male_brain,3,/work/jes157/20230929_sequencing_data/real_samples/46_Brain_ATTCAGAA-ATAGAGGC_S41_L002_R1_001.fastq.gz,/work/jes157/20230929_sequencing_data/real_samples/46_Brain_ATTCAGAA-ATAGAGGC_S41_L002_R2_001.fastq.gz,
H3K4me3_Or67dmut_SH_male_brain,3,/work/jes157/202309_sequencing_test_run/test_round/46_Brain_ATTCAGAA-ATAGAGGC_S41_L001_R1_001.fastq.gz,/work/jes157/202309_sequencing_test_run/test_round/46_Brain_ATTCAGAA-ATAGAGGC_S41_L001_R2_001.fastq.gz,
IgG_CS_GH_male_brain,1,/hpc/group/volkanlab/jes157/cutnrun/2022/first_round/raw/221116_UNC51-VH00562_154_AACG53KM5/cut_run_1_CTGAAGCT-TATAGCCT_S1_L001_R1_001.fastq.gz,/hpc/group/volkanlab/jes157/cutnrun/2022/first_round/raw/221116_UNC51-VH00562_154_AACG53KM5/cut_run_1_CTGAAGCT-TATAGCCT_S1_L001_R2_001.fastq.gz,
IgG_CS_GH_male_brain,2,/hpc/group/volkanlab/jes157/cutnrun/2022/first_round/raw/221116_UNC51-VH00562_154_AACG53KM5/cut_run_10_CGGCTATG-ATAGAGGC_S2_L001_R1_001.fastq.gz,/hpc/group/volkanlab/jes157/cutnrun/2022/first_round/raw/221116_UNC51-VH00562_154_AACG53KM5/cut_run_10_CGGCTATG-ATAGAGGC_S2_L001_R2_001.fastq.gz,
IgG_CS_GH_male_brain,3,/work/jes157/20230929_sequencing_data/real_samples/1_Brain_TCTCGCGC-TATAGCCT_S1_L001_R1_001.fastq.gz,/work/jes157/20230929_sequencing_data/real_samples/1_Brain_TCTCGCGC-TATAGCCT_S1_L001_R2_001.fastq.gz,
IgG_CS_GH_male_brain,3,/work/jes157/20230929_sequencing_data/real_samples/1_Brain_TCTCGCGC-TATAGCCT_S1_L002_R1_001.fastq.gz,/work/jes157/20230929_sequencing_data/real_samples/1_Brain_TCTCGCGC-TATAGCCT_S1_L002_R2_001.fastq.gz,
IgG_CS_GH_male_brain,3,/work/jes157/202309_sequencing_test_run/test_round/1_Brain_TCTCGCGC-TATAGCCT_S1_L001_R1_001.fastq.gz,/work/jes157/202309_sequencing_test_run/test_round/1_Brain_TCTCGCGC-TATAGCCT_S1_L001_R2_001.fastq.gz,
IgG_CS_GH_male_brain,4,/work/jes157/20230929_sequencing_data/real_samples/11_Brain_TCCGCGAA-CCTATCCT_S3_L001_R1_001.fastq.gz,/work/jes157/20230929_sequencing_data/real_samples/11_Brain_TCCGCGAA-CCTATCCT_S3_L001_R2_001.fastq.gz,
IgG_CS_GH_male_brain,4,/work/jes157/20230929_sequencing_data/real_samples/11_Brain_TCCGCGAA-CCTATCCT_S3_L002_R1_001.fastq.gz,/work/jes157/20230929_sequencing_data/real_samples/11_Brain_TCCGCGAA-CCTATCCT_S3_L002_R2_001.fastq.gz,
IgG_CS_GH_male_brain,4,/work/jes157/202309_sequencing_test_run/test_round/11_Brain_TCCGCGAA-CCTATCCT_S3_L001_R1_001.fastq.gz,/work/jes157/202309_sequencing_test_run/test_round/11_Brain_TCCGCGAA-CCTATCCT_S3_L001_R2_001.fastq.gz,
IgG_CS_SH_male_brain,1,/hpc/group/volkanlab/jes157/cutnrun/2022/first_round/raw/221116_UNC51-VH00562_154_AACG53KM5/cut_run_2_CTGAAGCT-ATAGAGGC_S9_L001_R1_001.fastq.gz,/hpc/group/volkanlab/jes157/cutnrun/2022/first_round/raw/221116_UNC51-VH00562_154_AACG53KM5/cut_run_2_CTGAAGCT-ATAGAGGC_S9_L001_R2_001.fastq.gz,
IgG_CS_SH_male_brain,2,/hpc/group/volkanlab/jes157/cutnrun/2022/first_round/raw/221116_UNC51-VH00562_154_AACG53KM5/cut_run_9_CGGCTATG-TATAGCCT_S16_L001_R1_001.fastq.gz,/hpc/group/volkanlab/jes157/cutnrun/2022/first_round/raw/221116_UNC51-VH00562_154_AACG53KM5/cut_run_9_CGGCTATG-TATAGCCT_S16_L001_R2_001.fastq.gz,
IgG_CS_SH_male_brain,3,/work/jes157/20230929_sequencing_data/real_samples/2_Brain_TCTCGCGC-ATAGAGGC_S12_L001_R1_001.fastq.gz,/work/jes157/20230929_sequencing_data/real_samples/2_Brain_TCTCGCGC-ATAGAGGC_S12_L001_R2_001.fastq.gz,
IgG_CS_SH_male_brain,3,/work/jes157/20230929_sequencing_data/real_samples/2_Brain_TCTCGCGC-ATAGAGGC_S12_L002_R1_001.fastq.gz,/work/jes157/20230929_sequencing_data/real_samples/2_Brain_TCTCGCGC-ATAGAGGC_S12_L002_R2_001.fastq.gz,
IgG_CS_SH_male_brain,3,/work/jes157/202309_sequencing_test_run/test_round/2_Brain_TCTCGCGC-ATAGAGGC_S12_L001_R1_001.fastq.gz,/work/jes157/202309_sequencing_test_run/test_round/2_Brain_TCTCGCGC-ATAGAGGC_S12_L001_R2_001.fastq.gz,
IgG_CS_SH_male_brain,4,/work/jes157/20230929_sequencing_data/real_samples/12_Brain_TCCGCGAA-GGCTCTGA_S4_L001_R1_001.fastq.gz,/work/jes157/20230929_sequencing_data/real_samples/12_Brain_TCCGCGAA-GGCTCTGA_S4_L001_R2_001.fastq.gz,
IgG_CS_SH_male_brain,4,/work/jes157/20230929_sequencing_data/real_samples/12_Brain_TCCGCGAA-GGCTCTGA_S4_L002_R1_001.fastq.gz,/work/jes157/20230929_sequencing_data/real_samples/12_Brain_TCCGCGAA-GGCTCTGA_S4_L002_R2_001.fastq.gz,
IgG_CS_SH_male_brain,4,/work/jes157/202309_sequencing_test_run/test_round/12_Brain_TCCGCGAA-GGCTCTGA_S4_L001_R1_001.fastq.gz,/work/jes157/202309_sequencing_test_run/test_round/12_Brain_TCCGCGAA-GGCTCTGA_S4_L001_R2_001.fastq.gz,
IgG_dsxmut_GH_male_brain,1,/work/jes157/20230929_sequencing_data/real_samples/9_Brain_TCCGCGAA-TATAGCCT_S80_L001_R1_001.fastq.gz,/work/jes157/20230929_sequencing_data/real_samples/9_Brain_TCCGCGAA-TATAGCCT_S80_L001_R2_001.fastq.gz,
IgG_dsxmut_GH_male_brain,1,/work/jes157/20230929_sequencing_data/real_samples/9_Brain_TCCGCGAA-TATAGCCT_S80_L002_R1_001.fastq.gz,/work/jes157/20230929_sequencing_data/real_samples/9_Brain_TCCGCGAA-TATAGCCT_S80_L002_R2_001.fastq.gz,
IgG_dsxmut_GH_male_brain,1,/work/jes157/202309_sequencing_test_run/test_round/9_Brain_TCCGCGAA-TATAGCCT_S80_L001_R1_001.fastq.gz,/work/jes157/202309_sequencing_test_run/test_round/9_Brain_TCCGCGAA-TATAGCCT_S80_L001_R2_001.fastq.gz,
IgG_dsxmut_GH_male_brain,2,/work/jes157/20230929_sequencing_data/real_samples/19_Brain_CGGCTATG-CCTATCCT_S11_L001_R1_001.fastq.gz,/work/jes157/20230929_sequencing_data/real_samples/19_Brain_CGGCTATG-CCTATCCT_S11_L001_R2_001.fastq.gz,
IgG_dsxmut_GH_male_brain,2,/work/jes157/20230929_sequencing_data/real_samples/19_Brain_CGGCTATG-CCTATCCT_S11_L002_R1_001.fastq.gz,/work/jes157/20230929_sequencing_data/real_samples/19_Brain_CGGCTATG-CCTATCCT_S11_L002_R2_001.fastq.gz,
IgG_dsxmut_GH_male_brain,2,/work/jes157/202309_sequencing_test_run/test_round/19_Brain_CGGCTATG-CCTATCCT_S11_L001_R1_001.fastq.gz,/work/jes157/202309_sequencing_test_run/test_round/19_Brain_CGGCTATG-CCTATCCT_S11_L001_R2_001.fastq.gz,
IgG_dsxmut_SH_male_brain,1,/work/jes157/20230929_sequencing_data/real_samples/10_Brain_TCCGCGAA-ATAGAGGC_S2_L001_R1_001.fastq.gz,/work/jes157/20230929_sequencing_data/real_samples/10_Brain_TCCGCGAA-ATAGAGGC_S2_L001_R2_001.fastq.gz,
IgG_dsxmut_SH_male_brain,1,/work/jes157/20230929_sequencing_data/real_samples/10_Brain_TCCGCGAA-ATAGAGGC_S2_L002_R1_001.fastq.gz,/work/jes157/20230929_sequencing_data/real_samples/10_Brain_TCCGCGAA-ATAGAGGC_S2_L002_R2_001.fastq.gz,
IgG_dsxmut_SH_male_brain,1,/work/jes157/202309_sequencing_test_run/test_round/10_Brain_TCCGCGAA-ATAGAGGC_S2_L001_R1_001.fastq.gz,/work/jes157/202309_sequencing_test_run/test_round/10_Brain_TCCGCGAA-ATAGAGGC_S2_L001_R2_001.fastq.gz,
IgG_dsxmut_SH_male_brain,2,/work/jes157/20230929_sequencing_data/real_samples/20_Brain_CGGCTATG-GGCTCTGA_S13_L001_R1_001.fastq.gz,/work/jes157/20230929_sequencing_data/real_samples/20_Brain_CGGCTATG-GGCTCTGA_S13_L001_R2_001.fastq.gz,
IgG_dsxmut_SH_male_brain,2,/work/jes157/20230929_sequencing_data/real_samples/20_Brain_CGGCTATG-GGCTCTGA_S13_L002_R1_001.fastq.gz,/work/jes157/20230929_sequencing_data/real_samples/20_Brain_CGGCTATG-GGCTCTGA_S13_L002_R2_001.fastq.gz,
IgG_dsxmut_SH_male_brain,2,/work/jes157/202309_sequencing_test_run/test_round/20_Brain_CGGCTATG-GGCTCTGA_S13_L001_R1_001.fastq.gz,/work/jes157/202309_sequencing_test_run/test_round/20_Brain_CGGCTATG-GGCTCTGA_S13_L001_R2_001.fastq.gz,
IgG_frumut_GH_male_brain,1,/work/jes157/20230929_sequencing_data/real_samples/7_Brain_TCTCGCGC-CAGGACGT_S67_L001_R1_001.fastq.gz,/work/jes157/20230929_sequencing_data/real_samples/7_Brain_TCTCGCGC-CAGGACGT_S67_L001_R2_001.fastq.gz,
IgG_frumut_GH_male_brain,1,/work/jes157/20230929_sequencing_data/real_samples/7_Brain_TCTCGCGC-CAGGACGT_S67_L002_R1_001.fastq.gz,/work/jes157/20230929_sequencing_data/real_samples/7_Brain_TCTCGCGC-CAGGACGT_S67_L002_R2_001.fastq.gz,
IgG_frumut_GH_male_brain,1,/work/jes157/202309_sequencing_test_run/test_round/7_Brain_TCTCGCGC-CAGGACGT_S67_L001_R1_001.fastq.gz,/work/jes157/202309_sequencing_test_run/test_round/7_Brain_TCTCGCGC-CAGGACGT_S67_L001_R2_001.fastq.gz,
IgG_frumut_GH_male_brain,2,/work/jes157/20230929_sequencing_data/real_samples/17_Brain_CGGCTATG-TATAGCCT_S9_L001_R1_001.fastq.gz,/work/jes157/20230929_sequencing_data/real_samples/17_Brain_CGGCTATG-TATAGCCT_S9_L001_R2_001.fastq.gz,
IgG_frumut_GH_male_brain,2,/work/jes157/20230929_sequencing_data/real_samples/17_Brain_CGGCTATG-TATAGCCT_S9_L002_R1_001.fastq.gz,/work/jes157/20230929_sequencing_data/real_samples/17_Brain_CGGCTATG-TATAGCCT_S9_L002_R2_001.fastq.gz,
IgG_frumut_GH_male_brain,2,/work/jes157/202309_sequencing_test_run/test_round/17_Brain_CGGCTATG-TATAGCCT_S9_L001_R1_001.fastq.gz,/work/jes157/202309_sequencing_test_run/test_round/17_Brain_CGGCTATG-TATAGCCT_S9_L001_R2_001.fastq.gz,
IgG_frumut_SH_male_brain,1,/work/jes157/20230929_sequencing_data/real_samples/8_Brain_TCTCGCGC-GTACTGAC_S78_L001_R1_001.fastq.gz,/work/jes157/20230929_sequencing_data/real_samples/8_Brain_TCTCGCGC-GTACTGAC_S78_L001_R2_001.fastq.gz,
IgG_frumut_SH_male_brain,1,/work/jes157/20230929_sequencing_data/real_samples/8_Brain_TCTCGCGC-GTACTGAC_S78_L002_R1_001.fastq.gz,/work/jes157/20230929_sequencing_data/real_samples/8_Brain_TCTCGCGC-GTACTGAC_S78_L002_R2_001.fastq.gz,
IgG_frumut_SH_male_brain,1,/work/jes157/202309_sequencing_test_run/test_round/8_Brain_TCTCGCGC-GTACTGAC_S78_L001_R1_001.fastq.gz,/work/jes157/202309_sequencing_test_run/test_round/8_Brain_TCTCGCGC-GTACTGAC_S78_L001_R2_001.fastq.gz,
IgG_frumut_SH_male_brain,2,/work/jes157/20230929_sequencing_data/real_samples/18_Brain_CGGCTATG-ATAGAGGC_S10_L001_R1_001.fastq.gz,/work/jes157/20230929_sequencing_data/real_samples/18_Brain_CGGCTATG-ATAGAGGC_S10_L001_R2_001.fastq.gz,
IgG_frumut_SH_male_brain,2,/work/jes157/20230929_sequencing_data/real_samples/18_Brain_CGGCTATG-ATAGAGGC_S10_L002_R1_001.fastq.gz,/work/jes157/20230929_sequencing_data/real_samples/18_Brain_CGGCTATG-ATAGAGGC_S10_L002_R2_001.fastq.gz,
IgG_frumut_SH_male_brain,2,/work/jes157/202309_sequencing_test_run/test_round/18_Brain_CGGCTATG-ATAGAGGC_S10_L001_R1_001.fastq.gz,/work/jes157/202309_sequencing_test_run/test_round/18_Brain_CGGCTATG-ATAGAGGC_S10_L001_R2_001.fastq.gz,
IgG_Or47bmut_GH_male_brain,1,/work/jes157/20230929_sequencing_data/real_samples/3_Brain_TCTCGCGC-CCTATCCT_S23_L001_R1_001.fastq.gz,/work/jes157/20230929_sequencing_data/real_samples/3_Brain_TCTCGCGC-CCTATCCT_S23_L001_R2_001.fastq.gz,
IgG_Or47bmut_GH_male_brain,1,/work/jes157/20230929_sequencing_data/real_samples/3_Brain_TCTCGCGC-CCTATCCT_S23_L002_R1_001.fastq.gz,/work/jes157/20230929_sequencing_data/real_samples/3_Brain_TCTCGCGC-CCTATCCT_S23_L002_R2_001.fastq.gz,
IgG_Or47bmut_GH_male_brain,1,/work/jes157/202309_sequencing_test_run/test_round/3_Brain_TCTCGCGC-CCTATCCT_S23_L001_R1_001.fastq.gz,/work/jes157/202309_sequencing_test_run/test_round/3_Brain_TCTCGCGC-CCTATCCT_S23_L001_R2_001.fastq.gz,
IgG_Or47bmut_GH_male_brain,2,/work/jes157/20230929_sequencing_data/real_samples/13_Brain_TCCGCGAA-AGGCGAAG_S5_L001_R1_001.fastq.gz,/work/jes157/20230929_sequencing_data/real_samples/13_Brain_TCCGCGAA-AGGCGAAG_S5_L001_R2_001.fastq.gz,
IgG_Or47bmut_GH_male_brain,2,/work/jes157/20230929_sequencing_data/real_samples/13_Brain_TCCGCGAA-AGGCGAAG_S5_L002_R1_001.fastq.gz,/work/jes157/20230929_sequencing_data/real_samples/13_Brain_TCCGCGAA-AGGCGAAG_S5_L002_R2_001.fastq.gz,
IgG_Or47bmut_GH_male_brain,2,/work/jes157/202309_sequencing_test_run/test_round/13_Brain_TCCGCGAA-AGGCGAAG_S5_L001_R1_001.fastq.gz,/work/jes157/202309_sequencing_test_run/test_round/13_Brain_TCCGCGAA-AGGCGAAG_S5_L001_R2_001.fastq.gz,
IgG_Or47bmut_SH_male_brain,1,/work/jes157/20230929_sequencing_data/real_samples/4_Brain_TCTCGCGC-GGCTCTGA_S34_L001_R1_001.fastq.gz,/work/jes157/20230929_sequencing_data/real_samples/4_Brain_TCTCGCGC-GGCTCTGA_S34_L001_R2_001.fastq.gz,
IgG_Or47bmut_SH_male_brain,1,/work/jes157/20230929_sequencing_data/real_samples/4_Brain_TCTCGCGC-GGCTCTGA_S34_L002_R1_001.fastq.gz,/work/jes157/20230929_sequencing_data/real_samples/4_Brain_TCTCGCGC-GGCTCTGA_S34_L002_R2_001.fastq.gz,
IgG_Or47bmut_SH_male_brain,1,/work/jes157/202309_sequencing_test_run/test_round/4_Brain_TCTCGCGC-GGCTCTGA_S34_L001_R1_001.fastq.gz,/work/jes157/202309_sequencing_test_run/test_round/4_Brain_TCTCGCGC-GGCTCTGA_S34_L001_R2_001.fastq.gz,
IgG_Or47bmut_SH_male_brain,2,/work/jes157/20230929_sequencing_data/real_samples/14_Brain_TCCGCGAA-TAATCTTA_S6_L001_R1_001.fastq.gz,/work/jes157/20230929_sequencing_data/real_samples/14_Brain_TCCGCGAA-TAATCTTA_S6_L001_R2_001.fastq.gz,
IgG_Or47bmut_SH_male_brain,2,/work/jes157/20230929_sequencing_data/real_samples/14_Brain_TCCGCGAA-TAATCTTA_S6_L002_R1_001.fastq.gz,/work/jes157/20230929_sequencing_data/real_samples/14_Brain_TCCGCGAA-TAATCTTA_S6_L002_R2_001.fastq.gz,
IgG_Or47bmut_SH_male_brain,2,/work/jes157/202309_sequencing_test_run/test_round/14_Brain_TCCGCGAA-TAATCTTA_S6_L001_R1_001.fastq.gz,/work/jes157/202309_sequencing_test_run/test_round/14_Brain_TCCGCGAA-TAATCTTA_S6_L001_R2_001.fastq.gz,
IgG_Or67dmut_GH_male_brain,1,/work/jes157/20230929_sequencing_data/real_samples/5_Brain_TCTCGCGC-AGGCGAAG_S45_L001_R1_001.fastq.gz,/work/jes157/20230929_sequencing_data/real_samples/5_Brain_TCTCGCGC-AGGCGAAG_S45_L001_R2_001.fastq.gz,
IgG_Or67dmut_GH_male_brain,1,/work/jes157/20230929_sequencing_data/real_samples/5_Brain_TCTCGCGC-AGGCGAAG_S45_L002_R1_001.fastq.gz,/work/jes157/20230929_sequencing_data/real_samples/5_Brain_TCTCGCGC-AGGCGAAG_S45_L002_R2_001.fastq.gz,
IgG_Or67dmut_GH_male_brain,1,/work/jes157/202309_sequencing_test_run/test_round/5_Brain_TCTCGCGC-AGGCGAAG_S45_L001_R1_001.fastq.gz,/work/jes157/202309_sequencing_test_run/test_round/5_Brain_TCTCGCGC-AGGCGAAG_S45_L001_R2_001.fastq.gz,
IgG_Or67dmut_GH_male_brain,2,/work/jes157/20230929_sequencing_data/real_samples/15_Brain_TCCGCGAA-CAGGACGT_S7_L001_R1_001.fastq.gz,/work/jes157/20230929_sequencing_data/real_samples/15_Brain_TCCGCGAA-CAGGACGT_S7_L001_R2_001.fastq.gz,
IgG_Or67dmut_GH_male_brain,2,/work/jes157/20230929_sequencing_data/real_samples/15_Brain_TCCGCGAA-CAGGACGT_S7_L002_R1_001.fastq.gz,/work/jes157/20230929_sequencing_data/real_samples/15_Brain_TCCGCGAA-CAGGACGT_S7_L002_R2_001.fastq.gz,
IgG_Or67dmut_GH_male_brain,2,/work/jes157/202309_sequencing_test_run/test_round/15_Brain_TCCGCGAA-CAGGACGT_S7_L001_R1_001.fastq.gz,/work/jes157/202309_sequencing_test_run/test_round/15_Brain_TCCGCGAA-CAGGACGT_S7_L001_R2_001.fastq.gz,
IgG_Or67dmut_SH_male_brain,1,/work/jes157/20230929_sequencing_data/real_samples/6_Brain_TCTCGCGC-TAATCTTA_S56_L001_R1_001.fastq.gz,/work/jes157/20230929_sequencing_data/real_samples/6_Brain_TCTCGCGC-TAATCTTA_S56_L001_R2_001.fastq.gz,
IgG_Or67dmut_SH_male_brain,1,/work/jes157/20230929_sequencing_data/real_samples/6_Brain_TCTCGCGC-TAATCTTA_S56_L002_R1_001.fastq.gz,/work/jes157/20230929_sequencing_data/real_samples/6_Brain_TCTCGCGC-TAATCTTA_S56_L002_R2_001.fastq.gz,
IgG_Or67dmut_SH_male_brain,1,/work/jes157/202309_sequencing_test_run/test_round/6_Brain_TCTCGCGC-TAATCTTA_S56_L001_R1_001.fastq.gz,/work/jes157/202309_sequencing_test_run/test_round/6_Brain_TCTCGCGC-TAATCTTA_S56_L001_R2_001.fastq.gz,
IgG_Or67dmut_SH_male_brain,2,/work/jes157/20230929_sequencing_data/real_samples/16_Brain_TCCGCGAA-GTACTGAC_S8_L001_R1_001.fastq.gz,/work/jes157/20230929_sequencing_data/real_samples/16_Brain_TCCGCGAA-GTACTGAC_S8_L001_R2_001.fastq.gz,
IgG_Or67dmut_SH_male_brain,2,/work/jes157/20230929_sequencing_data/real_samples/16_Brain_TCCGCGAA-GTACTGAC_S8_L002_R1_001.fastq.gz,/work/jes157/20230929_sequencing_data/real_samples/16_Brain_TCCGCGAA-GTACTGAC_S8_L002_R2_001.fastq.gz,
IgG_Or67dmut_SH_male_brain,2,/work/jes157/202309_sequencing_test_run/test_round/16_Brain_TCCGCGAA-GTACTGAC_S8_L001_R1_001.fastq.gz,/work/jes157/202309_sequencing_test_run/test_round/16_Brain_TCCGCGAA-GTACTGAC_S8_L001_R2_001.fastq.gz,
RNAPolII_CS_GH_male_brain,1,/hpc/group/volkanlab/jes157/cutnrun/2022/first_round/raw/221116_UNC51-VH00562_154_AACG53KM5/cut_run_5_TAATGCGC-AGGCGAAG_S12_L001_R1_001.fastq.gz,/hpc/group/volkanlab/jes157/cutnrun/2022/first_round/raw/221116_UNC51-VH00562_154_AACG53KM5/cut_run_5_TAATGCGC-AGGCGAAG_S12_L001_R2_001.fastq.gz,
RNAPolII_CS_GH_male_brain,2,/hpc/group/volkanlab/jes157/cutnrun/2022/first_round/raw/221116_UNC51-VH00562_154_AACG53KM5/cut_run_14_TCCGCGAA-TAATCTTA_S6_L001_R1_001.fastq.gz,/hpc/group/volkanlab/jes157/cutnrun/2022/first_round/raw/221116_UNC51-VH00562_154_AACG53KM5/cut_run_14_TCCGCGAA-TAATCTTA_S6_L001_R2_001.fastq.gz,
RNAPolII_CS_GH_male_brain,3,/work/jes157/20230929_sequencing_data/real_samples/51_Brain_GAGATTCC-TATAGCCT_S47_L001_R1_001.fastq.gz,/work/jes157/20230929_sequencing_data/real_samples/51_Brain_GAGATTCC-TATAGCCT_S47_L001_R2_001.fastq.gz,
RNAPolII_CS_GH_male_brain,3,/work/jes157/20230929_sequencing_data/real_samples/51_Brain_GAGATTCC-TATAGCCT_S47_L002_R1_001.fastq.gz,/work/jes157/20230929_sequencing_data/real_samples/51_Brain_GAGATTCC-TATAGCCT_S47_L002_R2_001.fastq.gz,
RNAPolII_CS_GH_male_brain,3,/work/jes157/202309_sequencing_test_run/test_round/51_Brain_GAGATTCC-TATAGCCT_S47_L001_R1_001.fastq.gz,/work/jes157/202309_sequencing_test_run/test_round/51_Brain_GAGATTCC-TATAGCCT_S47_L001_R2_001.fastq.gz,
RNAPolII_CS_GH_male_brain,4,/work/jes157/20230929_sequencing_data/real_samples/61_Brain_CGCTCATT-CCTATCCT_S58_L001_R1_001.fastq.gz,/work/jes157/20230929_sequencing_data/real_samples/61_Brain_CGCTCATT-CCTATCCT_S58_L001_R2_001.fastq.gz,
RNAPolII_CS_GH_male_brain,4,/work/jes157/20230929_sequencing_data/real_samples/61_Brain_CGCTCATT-CCTATCCT_S58_L002_R1_001.fastq.gz,/work/jes157/20230929_sequencing_data/real_samples/61_Brain_CGCTCATT-CCTATCCT_S58_L002_R2_001.fastq.gz,
RNAPolII_CS_GH_male_brain,4,/work/jes157/202309_sequencing_test_run/test_round/61_Brain_CGCTCATT-CCTATCCT_S58_L001_R1_001.fastq.gz,/work/jes157/202309_sequencing_test_run/test_round/61_Brain_CGCTCATT-CCTATCCT_S58_L001_R2_001.fastq.gz,
RNAPolII_CS_GH_male_brain,5,/work/jes157/20230929_sequencing_data/real_samples/71_Brain_TCCGGAGA-AGGCGAAG_S69_L001_R1_001.fastq.gz,/work/jes157/20230929_sequencing_data/real_samples/71_Brain_TCCGGAGA-AGGCGAAG_S69_L001_R2_001.fastq.gz,
RNAPolII_CS_GH_male_brain,5,/work/jes157/20230929_sequencing_data/real_samples/71_Brain_TCCGGAGA-AGGCGAAG_S69_L002_R1_001.fastq.gz,/work/jes157/20230929_sequencing_data/real_samples/71_Brain_TCCGGAGA-AGGCGAAG_S69_L002_R2_001.fastq.gz,
RNAPolII_CS_GH_male_brain,5,/work/jes157/202309_sequencing_test_run/test_round/71_Brain_TCCGGAGA-AGGCGAAG_S69_L001_R1_001.fastq.gz,/work/jes157/202309_sequencing_test_run/test_round/71_Brain_TCCGGAGA-AGGCGAAG_S69_L001_R2_001.fastq.gz,
RNAPolII_CS_SH_male_brain,1,/hpc/group/volkanlab/jes157/cutnrun/2022/first_round/raw/221116_UNC51-VH00562_154_AACG53KM5/cut_run_6_TAATGCGC-TAATCTTA_S13_L001_R1_001.fastq.gz,/hpc/group/volkanlab/jes157/cutnrun/2022/first_round/raw/221116_UNC51-VH00562_154_AACG53KM5/cut_run_6_TAATGCGC-TAATCTTA_S13_L001_R2_001.fastq.gz,
RNAPolII_CS_SH_male_brain,2,/hpc/group/volkanlab/jes157/cutnrun/2022/first_round/raw/221116_UNC51-VH00562_154_AACG53KM5/cut_run_13_TCCGCGAA-AGGCGAAG_S5_L001_R1_001.fastq.gz,/hpc/group/volkanlab/jes157/cutnrun/2022/first_round/raw/221116_UNC51-VH00562_154_AACG53KM5/cut_run_13_TCCGCGAA-AGGCGAAG_S5_L001_R2_001.fastq.gz,
RNAPolII_CS_SH_male_brain,3,/work/jes157/20230929_sequencing_data/real_samples/52_Brain_GAGATTCC-ATAGAGGC_S48_L001_R1_001.fastq.gz,/work/jes157/20230929_sequencing_data/real_samples/52_Brain_GAGATTCC-ATAGAGGC_S48_L001_R2_001.fastq.gz,
RNAPolII_CS_SH_male_brain,3,/work/jes157/20230929_sequencing_data/real_samples/52_Brain_GAGATTCC-ATAGAGGC_S48_L002_R1_001.fastq.gz,/work/jes157/20230929_sequencing_data/real_samples/52_Brain_GAGATTCC-ATAGAGGC_S48_L002_R2_001.fastq.gz,
RNAPolII_CS_SH_male_brain,3,/work/jes157/202309_sequencing_test_run/test_round/52_Brain_GAGATTCC-ATAGAGGC_S48_L001_R1_001.fastq.gz,/work/jes157/202309_sequencing_test_run/test_round/52_Brain_GAGATTCC-ATAGAGGC_S48_L001_R2_001.fastq.gz,
RNAPolII_CS_SH_male_brain,4,/work/jes157/20230929_sequencing_data/real_samples/62_Brain_CGCTCATT-GGCTCTGA_S59_L001_R1_001.fastq.gz,/work/jes157/20230929_sequencing_data/real_samples/62_Brain_CGCTCATT-GGCTCTGA_S59_L001_R2_001.fastq.gz,
RNAPolII_CS_SH_male_brain,4,/work/jes157/20230929_sequencing_data/real_samples/62_Brain_CGCTCATT-GGCTCTGA_S59_L002_R1_001.fastq.gz,/work/jes157/20230929_sequencing_data/real_samples/62_Brain_CGCTCATT-GGCTCTGA_S59_L002_R2_001.fastq.gz,
RNAPolII_CS_SH_male_brain,4,/work/jes157/202309_sequencing_test_run/test_round/62_Brain_CGCTCATT-GGCTCTGA_S59_L001_R1_001.fastq.gz,/work/jes157/202309_sequencing_test_run/test_round/62_Brain_CGCTCATT-GGCTCTGA_S59_L001_R2_001.fastq.gz,
RNAPolII_CS_SH_male_brain,5,/work/jes157/20230929_sequencing_data/real_samples/72_Brain_TCCGGAGA-TAATCTTA_S70_L001_R1_001.fastq.gz,/work/jes157/20230929_sequencing_data/real_samples/72_Brain_TCCGGAGA-TAATCTTA_S70_L001_R2_001.fastq.gz,
RNAPolII_CS_SH_male_brain,5,/work/jes157/20230929_sequencing_data/real_samples/72_Brain_TCCGGAGA-TAATCTTA_S70_L002_R1_001.fastq.gz,/work/jes157/20230929_sequencing_data/real_samples/72_Brain_TCCGGAGA-TAATCTTA_S70_L002_R2_001.fastq.gz,
RNAPolII_CS_SH_male_brain,5,/work/jes157/202309_sequencing_test_run/test_round/72_Brain_TCCGGAGA-TAATCTTA_S70_L001_R1_001.fastq.gz,/work/jes157/202309_sequencing_test_run/test_round/72_Brain_TCCGGAGA-TAATCTTA_S70_L001_R2_001.fastq.gz,
RNAPolII_dsxmut_GH_male_brain,1,/work/jes157/20230929_sequencing_data/real_samples/59_Brain_CGCTCATT-TATAGCCT_S55_L001_R1_001.fastq.gz,/work/jes157/20230929_sequencing_data/real_samples/59_Brain_CGCTCATT-TATAGCCT_S55_L001_R2_001.fastq.gz,
RNAPolII_dsxmut_GH_male_brain,1,/work/jes157/20230929_sequencing_data/real_samples/59_Brain_CGCTCATT-TATAGCCT_S55_L002_R1_001.fastq.gz,/work/jes157/20230929_sequencing_data/real_samples/59_Brain_CGCTCATT-TATAGCCT_S55_L002_R2_001.fastq.gz,
RNAPolII_dsxmut_GH_male_brain,1,/work/jes157/202309_sequencing_test_run/test_round/59_Brain_CGCTCATT-TATAGCCT_S55_L001_R1_001.fastq.gz,/work/jes157/202309_sequencing_test_run/test_round/59_Brain_CGCTCATT-TATAGCCT_S55_L001_R2_001.fastq.gz,
RNAPolII_dsxmut_GH_male_brain,2,/work/jes157/20230929_sequencing_data/real_samples/69_Brain_TCCGGAGA-CCTATCCT_S66_L001_R1_001.fastq.gz,/work/jes157/20230929_sequencing_data/real_samples/69_Brain_TCCGGAGA-CCTATCCT_S66_L001_R2_001.fastq.gz,
RNAPolII_dsxmut_GH_male_brain,2,/work/jes157/20230929_sequencing_data/real_samples/69_Brain_TCCGGAGA-CCTATCCT_S66_L002_R1_001.fastq.gz,/work/jes157/20230929_sequencing_data/real_samples/69_Brain_TCCGGAGA-CCTATCCT_S66_L002_R2_001.fastq.gz,
RNAPolII_dsxmut_GH_male_brain,2,/work/jes157/202309_sequencing_test_run/test_round/69_Brain_TCCGGAGA-CCTATCCT_S66_L001_R1_001.fastq.gz,/work/jes157/202309_sequencing_test_run/test_round/69_Brain_TCCGGAGA-CCTATCCT_S66_L001_R2_001.fastq.gz,
RNAPolII_dsxmut_GH_male_brain,3,/work/jes157/20230929_sequencing_data/real_samples/79_Brain_ATTACTCG-AGGCGAAG_S77_L001_R1_001.fastq.gz,/work/jes157/20230929_sequencing_data/real_samples/79_Brain_ATTACTCG-AGGCGAAG_S77_L001_R2_001.fastq.gz,
RNAPolII_dsxmut_GH_male_brain,3,/work/jes157/20230929_sequencing_data/real_samples/79_Brain_ATTACTCG-AGGCGAAG_S77_L002_R1_001.fastq.gz,/work/jes157/20230929_sequencing_data/real_samples/79_Brain_ATTACTCG-AGGCGAAG_S77_L002_R2_001.fastq.gz,
RNAPolII_dsxmut_GH_male_brain,3,/work/jes157/202309_sequencing_test_run/test_round/79_Brain_ATTACTCG-AGGCGAAG_S77_L001_R1_001.fastq.gz,/work/jes157/202309_sequencing_test_run/test_round/79_Brain_ATTACTCG-AGGCGAAG_S77_L001_R2_001.fastq.gz,
RNAPolII_dsxmut_SH_male_brain,1,/work/jes157/20230929_sequencing_data/real_samples/60_Brain_CGCTCATT-ATAGAGGC_S57_L001_R1_001.fastq.gz,/work/jes157/20230929_sequencing_data/real_samples/60_Brain_CGCTCATT-ATAGAGGC_S57_L001_R2_001.fastq.gz,
RNAPolII_dsxmut_SH_male_brain,1,/work/jes157/20230929_sequencing_data/real_samples/60_Brain_CGCTCATT-ATAGAGGC_S57_L002_R1_001.fastq.gz,/work/jes157/20230929_sequencing_data/real_samples/60_Brain_CGCTCATT-ATAGAGGC_S57_L002_R2_001.fastq.gz,
RNAPolII_dsxmut_SH_male_brain,1,/work/jes157/202309_sequencing_test_run/test_round/60_Brain_CGCTCATT-ATAGAGGC_S57_L001_R1_001.fastq.gz,/work/jes157/202309_sequencing_test_run/test_round/60_Brain_CGCTCATT-ATAGAGGC_S57_L001_R2_001.fastq.gz,
RNAPolII_dsxmut_SH_male_brain,2,/work/jes157/20230929_sequencing_data/real_samples/70_Brain_TCCGGAGA-GGCTCTGA_S68_L001_R1_001.fastq.gz,/work/jes157/20230929_sequencing_data/real_samples/70_Brain_TCCGGAGA-GGCTCTGA_S68_L001_R2_001.fastq.gz,
RNAPolII_dsxmut_SH_male_brain,2,/work/jes157/20230929_sequencing_data/real_samples/70_Brain_TCCGGAGA-GGCTCTGA_S68_L002_R1_001.fastq.gz,/work/jes157/20230929_sequencing_data/real_samples/70_Brain_TCCGGAGA-GGCTCTGA_S68_L002_R2_001.fastq.gz,
RNAPolII_dsxmut_SH_male_brain,2,/work/jes157/202309_sequencing_test_run/test_round/70_Brain_TCCGGAGA-GGCTCTGA_S68_L001_R1_001.fastq.gz,/work/jes157/202309_sequencing_test_run/test_round/70_Brain_TCCGGAGA-GGCTCTGA_S68_L001_R2_001.fastq.gz,
RNAPolII_dsxmut_SH_male_brain,3,/work/jes157/20230929_sequencing_data/real_samples/80_Brain_ATTACTCG-TAATCTTA_S79_L001_R1_001.fastq.gz,/work/jes157/20230929_sequencing_data/real_samples/80_Brain_ATTACTCG-TAATCTTA_S79_L001_R2_001.fastq.gz,
RNAPolII_dsxmut_SH_male_brain,3,/work/jes157/20230929_sequencing_data/real_samples/80_Brain_ATTACTCG-TAATCTTA_S79_L002_R1_001.fastq.gz,/work/jes157/20230929_sequencing_data/real_samples/80_Brain_ATTACTCG-TAATCTTA_S79_L002_R2_001.fastq.gz,
RNAPolII_dsxmut_SH_male_brain,3,/work/jes157/202309_sequencing_test_run/test_round/80_Brain_ATTACTCG-TAATCTTA_S79_L001_R1_001.fastq.gz,/work/jes157/202309_sequencing_test_run/test_round/80_Brain_ATTACTCG-TAATCTTA_S79_L001_R2_001.fastq.gz,
RNAPolII_frumut_GH_male_brain,1,/work/jes157/20230929_sequencing_data/real_samples/57_Brain_GAGATTCC-CAGGACGT_S53_L001_R1_001.fastq.gz,/work/jes157/20230929_sequencing_data/real_samples/57_Brain_GAGATTCC-CAGGACGT_S53_L001_R2_001.fastq.gz,
RNAPolII_frumut_GH_male_brain,1,/work/jes157/20230929_sequencing_data/real_samples/57_Brain_GAGATTCC-CAGGACGT_S53_L002_R1_001.fastq.gz,/work/jes157/20230929_sequencing_data/real_samples/57_Brain_GAGATTCC-CAGGACGT_S53_L002_R2_001.fastq.gz,
RNAPolII_frumut_GH_male_brain,1,/work/jes157/202309_sequencing_test_run/test_round/57_Brain_GAGATTCC-CAGGACGT_S53_L001_R1_001.fastq.gz,/work/jes157/202309_sequencing_test_run/test_round/57_Brain_GAGATTCC-CAGGACGT_S53_L001_R2_001.fastq.gz,
RNAPolII_frumut_GH_male_brain,2,/work/jes157/20230929_sequencing_data/real_samples/67_Brain_TCCGGAGA-TATAGCCT_S64_L001_R1_001.fastq.gz,/work/jes157/20230929_sequencing_data/real_samples/67_Brain_TCCGGAGA-TATAGCCT_S64_L001_R2_001.fastq.gz,
RNAPolII_frumut_GH_male_brain,2,/work/jes157/20230929_sequencing_data/real_samples/67_Brain_TCCGGAGA-TATAGCCT_S64_L002_R1_001.fastq.gz,/work/jes157/20230929_sequencing_data/real_samples/67_Brain_TCCGGAGA-TATAGCCT_S64_L002_R2_001.fastq.gz,
RNAPolII_frumut_GH_male_brain,2,/work/jes157/202309_sequencing_test_run/test_round/67_Brain_TCCGGAGA-TATAGCCT_S64_L001_R1_001.fastq.gz,/work/jes157/202309_sequencing_test_run/test_round/67_Brain_TCCGGAGA-TATAGCCT_S64_L001_R2_001.fastq.gz,
RNAPolII_frumut_GH_male_brain,3,/work/jes157/20230929_sequencing_data/real_samples/77_Brain_ATTACTCG-CCTATCCT_S75_L001_R1_001.fastq.gz,/work/jes157/20230929_sequencing_data/real_samples/77_Brain_ATTACTCG-CCTATCCT_S75_L001_R2_001.fastq.gz,
RNAPolII_frumut_GH_male_brain,3,/work/jes157/20230929_sequencing_data/real_samples/77_Brain_ATTACTCG-CCTATCCT_S75_L002_R1_001.fastq.gz,/work/jes157/20230929_sequencing_data/real_samples/77_Brain_ATTACTCG-CCTATCCT_S75_L002_R2_001.fastq.gz,
RNAPolII_frumut_GH_male_brain,3,/work/jes157/202309_sequencing_test_run/test_round/77_Brain_ATTACTCG-CCTATCCT_S75_L001_R1_001.fastq.gz,/work/jes157/202309_sequencing_test_run/test_round/77_Brain_ATTACTCG-CCTATCCT_S75_L001_R2_001.fastq.gz,
RNAPolII_frumut_SH_male_brain,1,/work/jes157/20230929_sequencing_data/real_samples/58_Brain_GAGATTCC-GTACTGAC_S54_L001_R1_001.fastq.gz,/work/jes157/20230929_sequencing_data/real_samples/58_Brain_GAGATTCC-GTACTGAC_S54_L001_R2_001.fastq.gz,
RNAPolII_frumut_SH_male_brain,1,/work/jes157/20230929_sequencing_data/real_samples/58_Brain_GAGATTCC-GTACTGAC_S54_L002_R1_001.fastq.gz,/work/jes157/20230929_sequencing_data/real_samples/58_Brain_GAGATTCC-GTACTGAC_S54_L002_R2_001.fastq.gz,
RNAPolII_frumut_SH_male_brain,1,/work/jes157/202309_sequencing_test_run/test_round/58_Brain_GAGATTCC-GTACTGAC_S54_L001_R1_001.fastq.gz,/work/jes157/202309_sequencing_test_run/test_round/58_Brain_GAGATTCC-GTACTGAC_S54_L001_R2_001.fastq.gz,
RNAPolII_frumut_SH_male_brain,2,/work/jes157/20230929_sequencing_data/real_samples/68_Brain_TCCGGAGA-ATAGAGGC_S65_L001_R1_001.fastq.gz,/work/jes157/20230929_sequencing_data/real_samples/68_Brain_TCCGGAGA-ATAGAGGC_S65_L001_R2_001.fastq.gz,
RNAPolII_frumut_SH_male_brain,2,/work/jes157/20230929_sequencing_data/real_samples/68_Brain_TCCGGAGA-ATAGAGGC_S65_L002_R1_001.fastq.gz,/work/jes157/20230929_sequencing_data/real_samples/68_Brain_TCCGGAGA-ATAGAGGC_S65_L002_R2_001.fastq.gz,
RNAPolII_frumut_SH_male_brain,2,/work/jes157/202309_sequencing_test_run/test_round/68_Brain_TCCGGAGA-ATAGAGGC_S65_L001_R1_001.fastq.gz,/work/jes157/202309_sequencing_test_run/test_round/68_Brain_TCCGGAGA-ATAGAGGC_S65_L001_R2_001.fastq.gz,
RNAPolII_frumut_SH_male_brain,3,/work/jes157/20230929_sequencing_data/real_samples/78_Brain_ATTACTCG-GGCTCTGA_S76_L001_R1_001.fastq.gz,/work/jes157/20230929_sequencing_data/real_samples/78_Brain_ATTACTCG-GGCTCTGA_S76_L001_R2_001.fastq.gz,
RNAPolII_frumut_SH_male_brain,3,/work/jes157/20230929_sequencing_data/real_samples/78_Brain_ATTACTCG-GGCTCTGA_S76_L002_R1_001.fastq.gz,/work/jes157/20230929_sequencing_data/real_samples/78_Brain_ATTACTCG-GGCTCTGA_S76_L002_R2_001.fastq.gz,
RNAPolII_frumut_SH_male_brain,3,/work/jes157/202309_sequencing_test_run/test_round/78_Brain_ATTACTCG-GGCTCTGA_S76_L001_R1_001.fastq.gz,/work/jes157/202309_sequencing_test_run/test_round/78_Brain_ATTACTCG-GGCTCTGA_S76_L001_R2_001.fastq.gz,
RNAPolII_Or47bmut_GH_male_brain,1,/work/jes157/20230929_sequencing_data/real_samples/53_Brain_GAGATTCC-CCTATCCT_S49_L001_R1_001.fastq.gz,/work/jes157/20230929_sequencing_data/real_samples/53_Brain_GAGATTCC-CCTATCCT_S49_L001_R2_001.fastq.gz,
RNAPolII_Or47bmut_GH_male_brain,1,/work/jes157/20230929_sequencing_data/real_samples/53_Brain_GAGATTCC-CCTATCCT_S49_L002_R1_001.fastq.gz,/work/jes157/20230929_sequencing_data/real_samples/53_Brain_GAGATTCC-CCTATCCT_S49_L002_R2_001.fastq.gz,
RNAPolII_Or47bmut_GH_male_brain,1,/work/jes157/202309_sequencing_test_run/test_round/53_Brain_GAGATTCC-CCTATCCT_S49_L001_R1_001.fastq.gz,/work/jes157/202309_sequencing_test_run/test_round/53_Brain_GAGATTCC-CCTATCCT_S49_L001_R2_001.fastq.gz,
RNAPolII_Or47bmut_GH_male_brain,2,/work/jes157/20230929_sequencing_data/real_samples/63_Brain_CGCTCATT-AGGCGAAG_S60_L001_R1_001.fastq.gz,/work/jes157/20230929_sequencing_data/real_samples/63_Brain_CGCTCATT-AGGCGAAG_S60_L001_R2_001.fastq.gz,
RNAPolII_Or47bmut_GH_male_brain,2,/work/jes157/20230929_sequencing_data/real_samples/63_Brain_CGCTCATT-AGGCGAAG_S60_L002_R1_001.fastq.gz,/work/jes157/20230929_sequencing_data/real_samples/63_Brain_CGCTCATT-AGGCGAAG_S60_L002_R2_001.fastq.gz,
RNAPolII_Or47bmut_GH_male_brain,2,/work/jes157/202309_sequencing_test_run/test_round/63_Brain_CGCTCATT-AGGCGAAG_S60_L001_R1_001.fastq.gz,/work/jes157/202309_sequencing_test_run/test_round/63_Brain_CGCTCATT-AGGCGAAG_S60_L001_R2_001.fastq.gz,
RNAPolII_Or47bmut_GH_male_brain,3,/work/jes157/20230929_sequencing_data/real_samples/73_Brain_TCCGGAGA-CAGGACGT_S71_L001_R1_001.fastq.gz,/work/jes157/20230929_sequencing_data/real_samples/73_Brain_TCCGGAGA-CAGGACGT_S71_L001_R2_001.fastq.gz,
RNAPolII_Or47bmut_GH_male_brain,3,/work/jes157/20230929_sequencing_data/real_samples/73_Brain_TCCGGAGA-CAGGACGT_S71_L002_R1_001.fastq.gz,/work/jes157/20230929_sequencing_data/real_samples/73_Brain_TCCGGAGA-CAGGACGT_S71_L002_R2_001.fastq.gz,
RNAPolII_Or47bmut_GH_male_brain,3,/work/jes157/202309_sequencing_test_run/test_round/73_Brain_TCCGGAGA-CAGGACGT_S71_L001_R1_001.fastq.gz,/work/jes157/202309_sequencing_test_run/test_round/73_Brain_TCCGGAGA-CAGGACGT_S71_L001_R2_001.fastq.gz,
RNAPolII_Or47bmut_SH_male_brain,1,/work/jes157/20230929_sequencing_data/real_samples/54_Brain_GAGATTCC-GGCTCTGA_S50_L001_R1_001.fastq.gz,/work/jes157/20230929_sequencing_data/real_samples/54_Brain_GAGATTCC-GGCTCTGA_S50_L001_R2_001.fastq.gz,
RNAPolII_Or47bmut_SH_male_brain,1,/work/jes157/20230929_sequencing_data/real_samples/54_Brain_GAGATTCC-GGCTCTGA_S50_L002_R1_001.fastq.gz,/work/jes157/20230929_sequencing_data/real_samples/54_Brain_GAGATTCC-GGCTCTGA_S50_L002_R2_001.fastq.gz,
RNAPolII_Or47bmut_SH_male_brain,1,/work/jes157/202309_sequencing_test_run/test_round/54_Brain_GAGATTCC-GGCTCTGA_S50_L001_R1_001.fastq.gz,/work/jes157/202309_sequencing_test_run/test_round/54_Brain_GAGATTCC-GGCTCTGA_S50_L001_R2_001.fastq.gz,
RNAPolII_Or47bmut_SH_male_brain,2,/work/jes157/20230929_sequencing_data/real_samples/64_Brain_CGCTCATT-TAATCTTA_S61_L001_R1_001.fastq.gz,/work/jes157/20230929_sequencing_data/real_samples/64_Brain_CGCTCATT-TAATCTTA_S61_L001_R2_001.fastq.gz,
RNAPolII_Or47bmut_SH_male_brain,2,/work/jes157/20230929_sequencing_data/real_samples/64_Brain_CGCTCATT-TAATCTTA_S61_L002_R1_001.fastq.gz,/work/jes157/20230929_sequencing_data/real_samples/64_Brain_CGCTCATT-TAATCTTA_S61_L002_R2_001.fastq.gz,
RNAPolII_Or47bmut_SH_male_brain,2,/work/jes157/202309_sequencing_test_run/test_round/64_Brain_CGCTCATT-TAATCTTA_S61_L001_R1_001.fastq.gz,/work/jes157/202309_sequencing_test_run/test_round/64_Brain_CGCTCATT-TAATCTTA_S61_L001_R2_001.fastq.gz,
RNAPolII_Or47bmut_SH_male_brain,3,/work/jes157/20230929_sequencing_data/real_samples/74_Brain_TCCGGAGA-GTACTGAC_S72_L001_R1_001.fastq.gz,/work/jes157/20230929_sequencing_data/real_samples/74_Brain_TCCGGAGA-GTACTGAC_S72_L001_R2_001.fastq.gz,
RNAPolII_Or47bmut_SH_male_brain,3,/work/jes157/20230929_sequencing_data/real_samples/74_Brain_TCCGGAGA-GTACTGAC_S72_L002_R1_001.fastq.gz,/work/jes157/20230929_sequencing_data/real_samples/74_Brain_TCCGGAGA-GTACTGAC_S72_L002_R2_001.fastq.gz,
RNAPolII_Or47bmut_SH_male_brain,3,/work/jes157/202309_sequencing_test_run/test_round/74_Brain_TCCGGAGA-GTACTGAC_S72_L001_R1_001.fastq.gz,/work/jes157/202309_sequencing_test_run/test_round/74_Brain_TCCGGAGA-GTACTGAC_S72_L001_R2_001.fastq.gz,
RNAPolII_Or67dmut_GH_male_brain,1,/work/jes157/20230929_sequencing_data/real_samples/55_Brain_GAGATTCC-AGGCGAAG_S51_L001_R1_001.fastq.gz,/work/jes157/20230929_sequencing_data/real_samples/55_Brain_GAGATTCC-AGGCGAAG_S51_L001_R2_001.fastq.gz,
RNAPolII_Or67dmut_GH_male_brain,1,/work/jes157/20230929_sequencing_data/real_samples/55_Brain_GAGATTCC-AGGCGAAG_S51_L002_R1_001.fastq.gz,/work/jes157/20230929_sequencing_data/real_samples/55_Brain_GAGATTCC-AGGCGAAG_S51_L002_R2_001.fastq.gz,
RNAPolII_Or67dmut_GH_male_brain,1,/work/jes157/202309_sequencing_test_run/test_round/55_Brain_GAGATTCC-AGGCGAAG_S51_L001_R1_001.fastq.gz,/work/jes157/202309_sequencing_test_run/test_round/55_Brain_GAGATTCC-AGGCGAAG_S51_L001_R2_001.fastq.gz,
RNAPolII_Or67dmut_GH_male_brain,2,/work/jes157/20230929_sequencing_data/real_samples/65_Brain_CGCTCATT-CAGGACGT_S62_L001_R1_001.fastq.gz,/work/jes157/20230929_sequencing_data/real_samples/65_Brain_CGCTCATT-CAGGACGT_S62_L001_R2_001.fastq.gz,
RNAPolII_Or67dmut_GH_male_brain,2,/work/jes157/20230929_sequencing_data/real_samples/65_Brain_CGCTCATT-CAGGACGT_S62_L002_R1_001.fastq.gz,/work/jes157/20230929_sequencing_data/real_samples/65_Brain_CGCTCATT-CAGGACGT_S62_L002_R2_001.fastq.gz,
RNAPolII_Or67dmut_GH_male_brain,2,/work/jes157/202309_sequencing_test_run/test_round/65_Brain_CGCTCATT-CAGGACGT_S62_L001_R1_001.fastq.gz,/work/jes157/202309_sequencing_test_run/test_round/65_Brain_CGCTCATT-CAGGACGT_S62_L001_R2_001.fastq.gz,
RNAPolII_Or67dmut_GH_male_brain,3,/work/jes157/20230929_sequencing_data/real_samples/75_Brain_ATTACTCG-TATAGCCT_S73_L001_R1_001.fastq.gz,/work/jes157/20230929_sequencing_data/real_samples/75_Brain_ATTACTCG-TATAGCCT_S73_L001_R2_001.fastq.gz,
RNAPolII_Or67dmut_GH_male_brain,3,/work/jes157/20230929_sequencing_data/real_samples/75_Brain_ATTACTCG-TATAGCCT_S73_L002_R1_001.fastq.gz,/work/jes157/20230929_sequencing_data/real_samples/75_Brain_ATTACTCG-TATAGCCT_S73_L002_R2_001.fastq.gz,
RNAPolII_Or67dmut_GH_male_brain,3,/work/jes157/202309_sequencing_test_run/test_round/75_Brain_ATTACTCG-TATAGCCT_S73_L001_R1_001.fastq.gz,/work/jes157/202309_sequencing_test_run/test_round/75_Brain_ATTACTCG-TATAGCCT_S73_L001_R2_001.fastq.gz,
RNAPolII_Or67dmut_SH_male_brain,1,/work/jes157/20230929_sequencing_data/real_samples/56_Brain_GAGATTCC-TAATCTTA_S52_L001_R1_001.fastq.gz,/work/jes157/20230929_sequencing_data/real_samples/56_Brain_GAGATTCC-TAATCTTA_S52_L001_R2_001.fastq.gz,
RNAPolII_Or67dmut_SH_male_brain,1,/work/jes157/20230929_sequencing_data/real_samples/56_Brain_GAGATTCC-TAATCTTA_S52_L002_R1_001.fastq.gz,/work/jes157/20230929_sequencing_data/real_samples/56_Brain_GAGATTCC-TAATCTTA_S52_L002_R2_001.fastq.gz,
RNAPolII_Or67dmut_SH_male_brain,1,/work/jes157/202309_sequencing_test_run/test_round/56_Brain_GAGATTCC-TAATCTTA_S52_L001_R1_001.fastq.gz,/work/jes157/202309_sequencing_test_run/test_round/56_Brain_GAGATTCC-TAATCTTA_S52_L001_R2_001.fastq.gz,
RNAPolII_Or67dmut_SH_male_brain,2,/work/jes157/20230929_sequencing_data/real_samples/66_Brain_CGCTCATT-GTACTGAC_S63_L001_R1_001.fastq.gz,/work/jes157/20230929_sequencing_data/real_samples/66_Brain_CGCTCATT-GTACTGAC_S63_L001_R2_001.fastq.gz,
RNAPolII_Or67dmut_SH_male_brain,2,/work/jes157/20230929_sequencing_data/real_samples/66_Brain_CGCTCATT-GTACTGAC_S63_L002_R1_001.fastq.gz,/work/jes157/20230929_sequencing_data/real_samples/66_Brain_CGCTCATT-GTACTGAC_S63_L002_R2_001.fastq.gz,
RNAPolII_Or67dmut_SH_male_brain,2,/work/jes157/202309_sequencing_test_run/test_round/66_Brain_CGCTCATT-GTACTGAC_S63_L001_R1_001.fastq.gz,/work/jes157/202309_sequencing_test_run/test_round/66_Brain_CGCTCATT-GTACTGAC_S63_L001_R2_001.fastq.gz,
RNAPolII_Or67dmut_SH_male_brain,3,/work/jes157/20230929_sequencing_data/real_samples/76_Brain_ATTACTCG-ATAGAGGC_S74_L001_R1_001.fastq.gz,/work/jes157/20230929_sequencing_data/real_samples/76_Brain_ATTACTCG-ATAGAGGC_S74_L001_R2_001.fastq.gz,
RNAPolII_Or67dmut_SH_male_brain,3,/work/jes157/20230929_sequencing_data/real_samples/76_Brain_ATTACTCG-ATAGAGGC_S74_L002_R1_001.fastq.gz,/work/jes157/20230929_sequencing_data/real_samples/76_Brain_ATTACTCG-ATAGAGGC_S74_L002_R2_001.fastq.gz,
RNAPolII_Or67dmut_SH_male_brain,3,/work/jes157/202309_sequencing_test_run/test_round/76_Brain_ATTACTCG-ATAGAGGC_S74_L001_R1_001.fastq.gz,/work/jes157/202309_sequencing_test_run/test_round/76_Brain_ATTACTCG-ATAGAGGC_S74_L001_R2_001.fastq.gz,